2305574708	RT @SVTechEvents: Don't miss the @WomenWhoCode #SiliconValley meetup this coming Thursday: https://t.co/9Q2vCuSMTY
16617221	RT @OutsideComicCon: Happy to be bridging @SiliconHBO &amp; #SVCC with this #PrizeMoose drop! Get this Pied Piper shirt now in the conventio\u2026 
847639440965025794	@truckrogers1 @gearmeister Once again proof of behind the scenes censorship tactics being used by the #SiliconValley swamp!
18180867	#siliconvalley #tech #iphone #applewatch #airpods #apple #ipad #mac #fanboy #cupertino #california #vacation #goog\u2026\u2026 https://t.co/2f9J5XSYWw
3164788032	"Erlich: We're trending up
1130138412	RT @JulianaJai: Welcome #SiliconHoller \u2013 Former miners out to put #Kentucky on the #tech map https://t.co/lL0AM1kkXc | #Coding #SiliconVall\u2026
257509781	Join the Envision team! See our latest #job opening here: https://t.co/iuSMypbtOc #Python #Relocate #NYC\u2026 https://t.co/dQa4tZMHSL
828991740052963328	RT @EnvisionJobs: Join the Envision team! See our latest #job opening here: https://t.co/iuSMypbtOc #Python #Relocate #NYC\u2026 
385109075	Haben mit #DFKI ja auch f\xfchrende Forscher/ung hier. Nur Wissen und bahnbrechende Produkte sind zwei verschiedene Di\u2026 https://t.co/AETA8yWOKQ
13588362	Nueva serie favorita.\n\n#siliconValley #hbo #series https://t.co/ffub8CfDKv
945854930	Sharing one of my fav scenes before the new season arrives https://t.co/oVL0Bm8t1c
945854930	"RT @lyricstothego: ""It's Apple Maps bad."" This scene is just GOLDEN. #SiliconValley https://t.co/ClyTIwhMx8"
1531103712	@briansin @alexrkonrad The #SiliconValley \nHype about #VR \nwithout Ever Mentioning\nthe Dangers is a Very Big Proble\u2026 https://t.co/cJigt6XmyJ
1531103712	RT @MadeinMenlo: @briansin @alexrkonrad The #SiliconValley \nHype about #VR \nwithout Ever Mentioning\nthe Dangers is a Very Big Proble\u2026 
260515872	@StanfordMedX @drnehasangwan Spot on advice for #SiliconValley
472275571	RT @lyricstothego: Sharing one of my fav scenes before the new season arrives https://t.co/oVL0Bm8t1c
995774754	"RT @lyricstothego: ""It's Apple Maps bad."" This scene is just GOLDEN. #SiliconValley https://t.co/ClyTIwhMx8"
296818308	\xa1El fin de semana se disfruta en DIRECTV!\n\u2705#NinjaTurtles: Fuera de las sombras \U0001f422\n\u2705#BuenosVecinos2 \U0001f3e0\n\u2705#ElCl\xe1sico \u26bd\n\u2705\u2026 https://t.co/L1dA53XjPO
17496334	Silicon Valley is trying to be better to #women\u2026 they really are.\nhttps://t.co/g2XLBvvOay #SiliconValley #careers\u2026 https://t.co/N2PHNEoG1i
112509659	#SiliconValley is the new #WallStreet #culture https://t.co/kNhzoZQ2jb
188917389	"RT @lyricstothego: ""It's Apple Maps bad."" This scene is just GOLDEN. #SiliconValley https://t.co/ClyTIwhMx8"
239193107	RT @erniereyesjr: To All My Bay Area Folks! I'll be at the @SVComicCon today and tomorrow. Come say what's up! #SiliconValley #BayArea
2885651399	RT @WesHellyar: On the back of the #facebook sign outside their HQ in #SiliconValley is the old @sunmicrosystems sign. \n\nThis to re\u2026 
3127288690	RT @BayAreaCT: 5 HORRIFIC\U0001f631 methods for killing #LGBT outlined @ pro-#Hezbollah SABA Islamic Center #SanJose #SiliconValley\u2026 
4665199873	RT @RydenGo: LA Times story- CA Gov trying to shutdown RydenGo #rideshare #startups #ridesharing #siliconvalley #tech #news #Aclu https://t\u2026
4665199873	RT @gabriellia_gado: @RydenGo A violation of RydenGo's free speech by CA gov. #siliconvalley would never survive with this attitude. @TechC\u2026
64677995	RT @jdsoubeyran: Silicon Valley S4 en approche !  Un nouveau d\xe9part...  https://t.co/ZBdFqnGMe5 #SiliconValley #HBO sur @OCStv
4665480973	RT @RydenGo: LA Times story- CA Gov trying to shutdown RydenGo #rideshare #startups #ridesharing #siliconvalley #tech #news #Aclu https://t\u2026
4665480973	RT @gabriellia_gado: @RydenGo A violation of RydenGo's free speech by CA gov. #siliconvalley would never survive with this attitude. @TechC\u2026
120175690	Signs pt 2 #marchforscience #dtsj #science #siliconvalley #norcal https://t.co/PX9asCdut0
1671360042	Ready #AR #VR fans? Our #SiliconValley chapter is hosting a FREE #Meetup! RSVP today: https://t.co/gnTQ0LtbL8\u2026 https://t.co/rohuLvhqZu
45547881	RT @dchungyalpa: Awesome signs. Keep your #tinyhands off the data! @ScienceMarchSV #marchforscience #SiliconValley https://t.co/pGG29XVeNL
4760518718	Looking forward to meeting all the #tech #enthusiasts next Thursday :) #SiliconValley #SanJose #AR #VR #TechInMotion https://t.co/MJEJVQzHYl
807727266092326913	Great turn out in #SiliconValley #marchforscience @CalPirateParty https://t.co/bWwHoXeQNZ
598872434	Taking the science out of the lab! Science in the streets! #marchforscience #siliconvalley @\u2026 https://t.co/aXyDSZtIR3
3588642732	#Ghostheads at @SVComicCon #SacramentoGhostbusters #ghostbusters #SiliconValleyComicCon #SiliconValley https://t.co/cJnXqDHS0Y
2314666947	#R2D2 #StarWars #Jedi #TheForce  #StormTrooper \n#SiliconValley #ComicCon #2017\n#Actor\u2026 https://t.co/tZHTVPB68q
2314666947	#R2D2#StarWars #TheForce #StormTrooper \n#SiliconValley #ComicCon #2017\n#Actor #ActorsLife\u2026 https://t.co/TrsdAWkOGn
2943304486	RT @BayAreaCT: 5 HORRIFIC\U0001f631 methods for killing #LGBT outlined @ pro-#Hezbollah SABA Islamic Center #SanJose #SiliconValley\u2026 
24221595	Open house today and tomorrow 1-4pm\n2124 Panama ave San Jose 95122\n\n#realestatelife #siliconvalley #re\nalestateinvesting #reside #realestat\u2026
840879750071607297	The New #SiliconValley - #Shenzhen #China . #world #economics #finance  https://t.co/xkcZsPJ6Gu
3742676539	Less than a week until the #SiliconValley IAM User Group meetup. Details: https://t.co/vqd0KcE4GO
243275901	RT @GemMar333: @LGBTfdn @LALGBTCenter @LGBTCenterNYC https://t.co/179uhjwDqD
973635391	"\U0001f44b Hey @G2Crowd
189629025	Great idea for a #tech #startup. Seeking #investment. @rklau @GVteam @GoogleSmallBiz @500Startups #logistics #SiliconValley #SanFrancisco DM
3065731116	Same in DC https://t.co/PDzX62aYP3
35203319	Is the #SiliconValley Dynasty Coming to an End? https://t.co/oC0j6ZUYPu https://t.co/9pdGChwjBh
257509781	"If you're looking for work in MO
77898640	The latest Midday Silicon Valley! https://t.co/TQjJCz7Cdb Thanks to @marco_issa @triciab09 @PoepoeTw #fdecausans #siliconvalley
138039964	Just started watching @SiliconHBO why didn't anyone tell me about this show earlier\U0001f481\u200d\u2642\ufe0f I'm in love with this! #SiliconValley
2795237280	I think I screwed up. Need a bit of advice. https://t.co/Pmfc6Ff2V3 #smallbusiness #startups #siliconvalley
2795237280	VIVAHR Free ATS (Free Applicant Tracking System) https://t.co/kLniUTkwoU #smallbusiness #startups #siliconvalley
2795237280	Independent B2B consultants/service providers - Can I get your opinion? https://t.co/8nsR54Xaq9 #smallbusiness #startups #siliconvalley
727253086717227012	evankirstel: Is the #SiliconValley Dynasty Coming to an End? https://t.co/FmzSXeJWHr https://t.co/PeeK1kZDm2
1465173126	RT @UrbanGkz: .@UrbanGeekz is pleased to announce we're one of the Media Partners 4 the 2017 #CultureShifting W/End\u2026 
126371773	"Can you recommend anyone for this #job in #SiliconValley
497067921	"Wearing my #Hooli shirt this today in my own tiny ""celebration"" that S4 of @SiliconHBO premieres tomorrow night! #SiliconValley #HBO"
126371773	"Want to work in #SiliconValley
561676909	#SiliconValley may finally be making #urbanfarming viable. But will residents be able to afford the crop?\u2026 https://t.co/toVPM5TtrC
495490759	RT @Misruption_Org: Is the #SiliconValley Dynasty Coming to an End? https://t.co/XZipi8hytp
3164788032	I'm not a woman engineer. I'm an engineer. #SiliconValley https://t.co/Rwt7euHUUq
2303373960	Staffelstart: 4.Staffel von Silicon Valley startet heute https://t.co/lZM7q2Eirz #SiliconValley
3028115003	8 Great Michael Dell Business Quotes https://t.co/hZPux2axXR &lt;--- Read #Dell #SiliconValley #Tech #Computer #Startup https://t.co/30DzHvDbdD
3164788032	"Jared: I simply imagine that my skeleton is me
806913488010387459	The New #SiliconValley - #Shenzhen #China . #world #economics #finance  https://t.co/H4vvnQnDWL
3164788032	"Have any of you ever eaten at ""Burger King""? #S01E03 #SiliconValley https://t.co/Zud1B8yzQe"
15817203	"An extreme
602170659	A top #SiliconValley dealmaker is predicting a big year for tech M&amp;A - Business Insider https://t.co/2d4G8bx7rE
17581126	Hooli shit #SiliconValley
1418600322	#SiliconValley execs hiring philosophers to teach them to question everything https://t.co/95W1DxLyv3 via @qz #philosophy #criticalthinking
4725794172	Good to see more media outlets focused on diversity within the tech space. #BLNDED #CultureShifting #Media https://t.co/fPtAmMc1On
734978646465646592	#amazon @Qualcomm #Apple #Microsoft #siliconValley has harmed the American economy &amp; plp &amp; this is what they get 4it https://t.co/qIJUdmiqJC
431209815	So much this. @kumailn #SiliconValley #TheBigSick https://t.co/cpezTwRhUq
368865847	Can't wait!!!!!\U0001f917#siliconvalley https://t.co/Cpi8dlDjJu
588677683	"They are from #TheNetherlands and they are in #SiliconValley for their #YCombinator interviews.\n\nBe a pal
32403983	Time for these obnoxious megalomaniacs from Silico Valley be humbled and come down to reality.... They are for a ru\u2026 https://t.co/lun9Y2Y3il
35203319	RT @blackhawkinc: Time for these obnoxious megalomaniacs from Silico Valley be humbled and come down to reality.... They are for a ru\u2026 
82350646	Recommended Reading: Juicero and the Silicon Valley hype machine https://t.co/CJicQV0Kcs #SiliconValley
60980215	"RT @EW: 12 hints about season 4 of #SiliconValley involving needles
806090889156169728	The New #SiliconValley - #Shenzhen #China . #world #economics #finance  https://t.co/jx8scep9rx
2463402292	RT @blackhawkinc: Time for these obnoxious megalomaniacs from Silico Valley be humbled and come down to reality.... They are for a ru\u2026 
814235930219278336	RT @EctoFlapjack: #Ghostheads at @SVComicCon #SacramentoGhostbusters #ghostbusters #SiliconValleyComicCon #SiliconValley https://t.co/cJnXq\u2026
161369932	Los l\xedderes de las empresas tecnol\xf3gicas reconocieron un problema a solucionar: poca diversidad cultural y demogr\xe1fica #SiliconValley
